{
  "annotations": {
    "list": [
      {
        "$$hashKey": "object:1058",
        "builtIn": 1,
        "datasource": {
          "type": "datasource",
          "uid": "grafana"
        },
        "enable": true,
        "hide": true,
        "iconColor": "rgba(0, 211, 255, 1)",
        "name": "Annotations & Alerts",
        "target": {
          "limit": 100,
          "matchAny": false,
          "tags": [],
          "type": "dashboard"
        },
        "type": "dashboard"
      }
    ]
  },
  "editable": true,
  "fiscalYearStartMonth": 0,
  "gnetId": 1860,
  "graphTooltip": 1,
  "id": 1,
  "links": [
    {
      "icon": "external link",
      "tags": [],
      "targetBlank": true,
      "title": "GitHub",
      "type": "link",
      "url": "https://github.com/OrionDesign2015/SetupOrion"
    },
    {
      "icon": "external link",
      "tags": [],
      "targetBlank": true,
      "title": "Youtube",
      "type": "link",
      "url": "https://youtube.com/oriondesign_oficial"
    }
  ],
  "liveNow": false,
  "panels": [
    {
      "datasource": {
        "type": "prometheus",
        "uid": "PBFA97CFB590B2093"
      },
      "description": "",
      "fieldConfig": {
        "defaults": {
          "color": {
            "mode": "thresholds"
          },
          "decimals": 1,
          "mappings": [
            {
              "options": {
                "match": "null",
                "result": {
                  "text": "N/A"
                }
              },
              "type": "special"
            }
          ],
          "max": 100,
          "min": 0,
          "thresholds": {
            "mode": "absolute",
            "steps": [
              {
                "color": "rgba(50, 172, 45, 0.97)",
                "value": null
              },
              {
                "color": "rgba(237, 129, 40, 0.89)",
                "value": 85
              },
              {
                "color": "rgba(245, 54, 54, 0.9)",
                "value": 95
              }
            ]
          },
          "unit": "percent"
        },
        "overrides": []
      },
      "gridPos": {
        "h": 6,
        "w": 6,
        "x": 0,
        "y": 0
      },
      "id": 20,
      "options": {
        "minVizHeight": 75,
        "minVizWidth": 75,
        "orientation": "horizontal",
        "reduceOptions": {
          "calcs": [
            "lastNotNull"
          ],
          "fields": "",
          "values": false
        },
        "showThresholdLabels": false,
        "showThresholdMarkers": true,
        "sizing": "auto"
      },
      "pluginVersion": "10.4.0",
      "targets": [
        {
          "datasource": {
            "type": "prometheus",
            "uid": "PBFA97CFB590B2093"
          },
          "editorMode": "code",
          "exemplar": false,
          "expr": "(sum by(instance) (irate(node_cpu_seconds_total{instance=\"$node\",job=\"$job\", mode!=\"idle\"}[$__rate_interval])) / on(instance) group_left sum by (instance)((irate(node_cpu_seconds_total{instance=\"$node\",job=\"$job\"}[$__rate_interval])))) * 100",
          "hide": false,
          "instant": true,
          "intervalFactor": 1,
          "legendFormat": "",
          "range": false,
          "refId": "A",
          "step": 240
        }
      ],
      "title": "Uso da CPU",
      "transparent": true,
      "type": "gauge"
    },
    {
      "datasource": {
        "type": "prometheus",
        "uid": "PBFA97CFB590B2093"
      },
      "description": "",
      "fieldConfig": {
        "defaults": {
          "color": {
            "mode": "thresholds"
          },
          "decimals": 1,
          "mappings": [],
          "max": 100,
          "min": 0,
          "thresholds": {
            "mode": "absolute",
            "steps": [
              {
                "color": "rgba(50, 172, 45, 0.97)",
                "value": null
              },
              {
                "color": "rgba(237, 129, 40, 0.89)",
                "value": 80
              },
              {
                "color": "rgba(245, 54, 54, 0.9)",
                "value": 90
              }
            ]
          },
          "unit": "percent"
        },
        "overrides": []
      },
      "gridPos": {
        "h": 6,
        "w": 6,
        "x": 6,
        "y": 0
      },
      "hideTimeOverride": false,
      "id": 16,
      "options": {
        "minVizHeight": 75,
        "minVizWidth": 75,
        "orientation": "auto",
        "reduceOptions": {
          "calcs": [
            "lastNotNull"
          ],
          "fields": "",
          "values": false
        },
        "showThresholdLabels": false,
        "showThresholdMarkers": true,
        "sizing": "auto"
      },
      "pluginVersion": "10.4.0",
      "targets": [
        {
          "datasource": {
            "type": "prometheus",
            "uid": "PBFA97CFB590B2093"
          },
          "editorMode": "code",
          "exemplar": false,
          "expr": "((avg_over_time(node_memory_MemTotal_bytes{instance=\"$node\",job=\"$job\"}[$__rate_interval]) - avg_over_time(node_memory_MemFree_bytes{instance=\"$node\",job=\"$job\"}[$__rate_interval])) / (avg_over_time(node_memory_MemTotal_bytes{instance=\"$node\",job=\"$job\"}[$__rate_interval]) )) * 100",
          "format": "time_series",
          "hide": true,
          "instant": true,
          "intervalFactor": 1,
          "range": false,
          "refId": "A",
          "step": 240
        },
        {
          "datasource": {
            "type": "prometheus",
            "uid": "PBFA97CFB590B2093"
          },
          "editorMode": "code",
          "exemplar": false,
          "expr": "100 - ((avg_over_time(node_memory_MemAvailable_bytes{instance=\"$node\",job=\"$job\"}[$__rate_interval]) * 100) / avg_over_time(node_memory_MemTotal_bytes{instance=\"$node\",job=\"$job\"}[$__rate_interval]))",
          "format": "time_series",
          "hide": false,
          "instant": true,
          "intervalFactor": 1,
          "range": false,
          "refId": "B",
          "step": 240
        }
      ],
      "title": "Uso de Memória",
      "transparent": true,
      "type": "gauge"
    },
    {
      "datasource": {
        "type": "prometheus",
        "uid": "PBFA97CFB590B2093"
      },
      "description": "",
      "fieldConfig": {
        "defaults": {
          "color": {
            "mode": "thresholds"
          },
          "decimals": 1,
          "mappings": [
            {
              "options": {
                "match": "null",
                "result": {
                  "text": "N/A"
                }
              },
              "type": "special"
            }
          ],
          "max": 100,
          "min": 0,
          "thresholds": {
            "mode": "absolute",
            "steps": [
              {
                "color": "rgba(50, 172, 45, 0.97)",
                "value": null
              },
              {
                "color": "rgba(237, 129, 40, 0.89)",
                "value": 85
              },
              {
                "color": "rgba(245, 54, 54, 0.9)",
                "value": 95
              }
            ]
          },
          "unit": "percent"
        },
        "overrides": []
      },
      "gridPos": {
        "h": 6,
        "w": 6,
        "x": 12,
        "y": 0
      },
      "id": 155,
      "options": {
        "minVizHeight": 75,
        "minVizWidth": 75,
        "orientation": "horizontal",
        "reduceOptions": {
          "calcs": [
            "lastNotNull"
          ],
          "fields": "",
          "values": false
        },
        "showThresholdLabels": false,
        "showThresholdMarkers": true,
        "sizing": "auto"
      },
      "pluginVersion": "10.4.0",
      "targets": [
        {
          "datasource": {
            "type": "prometheus",
            "uid": "PBFA97CFB590B2093"
          },
          "editorMode": "code",
          "exemplar": false,
          "expr": "avg_over_time(node_load5{instance=\"$node\",job=\"$job\"}[$__rate_interval]) * 100 / on(instance) group_left sum by (instance)(irate(node_cpu_seconds_total{instance=\"$node\",job=\"$job\"}[$__rate_interval]))",
          "format": "time_series",
          "hide": false,
          "instant": true,
          "intervalFactor": 1,
          "range": false,
          "refId": "A",
          "step": 240
        }
      ],
      "title": "Núcleos (5m)",
      "transparent": true,
      "type": "gauge"
    },
    {
      "datasource": {
        "type": "prometheus",
        "uid": "PBFA97CFB590B2093"
      },
      "description": "",
      "fieldConfig": {
        "defaults": {
          "color": {
            "mode": "thresholds"
          },
          "decimals": 1,
          "mappings": [
            {
              "options": {
                "match": "null",
                "result": {
                  "text": "N/A"
                }
              },
              "type": "special"
            }
          ],
          "max": 100,
          "min": 0,
          "thresholds": {
            "mode": "absolute",
            "steps": [
              {
                "color": "rgba(50, 172, 45, 0.97)",
                "value": null
              },
              {
                "color": "rgba(237, 129, 40, 0.89)",
                "value": 85
              },
              {
                "color": "rgba(245, 54, 54, 0.9)",
                "value": 95
              }
            ]
          },
          "unit": "percent"
        },
        "overrides": []
      },
      "gridPos": {
        "h": 6,
        "w": 6,
        "x": 18,
        "y": 0
      },
      "id": 19,
      "options": {
        "minVizHeight": 75,
        "minVizWidth": 75,
        "orientation": "horizontal",
        "reduceOptions": {
          "calcs": [
            "lastNotNull"
          ],
          "fields": "",
          "values": false
        },
        "showThresholdLabels": false,
        "showThresholdMarkers": true,
        "sizing": "auto"
      },
      "pluginVersion": "10.4.0",
      "targets": [
        {
          "datasource": {
            "type": "prometheus",
            "uid": "PBFA97CFB590B2093"
          },
          "editorMode": "code",
          "exemplar": false,
          "expr": "avg_over_time(node_load15{instance=\"$node\",job=\"$job\"}[$__rate_interval]) * 100 / on(instance) group_left sum by (instance)(irate(node_cpu_seconds_total{instance=\"$node\",job=\"$job\"}[$__rate_interval]))",
          "hide": false,
          "instant": true,
          "intervalFactor": 1,
          "range": false,
          "refId": "A",
          "step": 240
        }
      ],
      "title": "Núcleos (15m)",
      "transparent": true,
      "type": "gauge"
    },
    {
      "aliasColors": {},
      "bars": false,
      "dashLength": 10,
      "dashes": false,
      "datasource": {
        "type": "prometheus",
        "uid": "PBFA97CFB590B2093"
      },
      "fill": 1,
      "fillGradient": 0,
      "gridPos": {
        "h": 8,
        "w": 18,
        "x": 0,
        "y": 6
      },
      "hiddenSeries": false,
      "id": 262,
      "legend": {
        "alignAsTable": true,
        "avg": true,
        "current": false,
        "max": true,
        "min": false,
        "rightSide": true,
        "show": true,
        "total": false,
        "values": true
      },
      "lines": true,
      "linewidth": 1,
      "nullPointMode": "null as zero",
      "options": {
        "alertThreshold": true
      },
      "percentage": false,
      "pluginVersion": "10.4.0",
      "pointradius": 2,
      "points": false,
      "renderer": "flot",
      "seriesOverrides": [],
      "spaceLength": 10,
      "stack": true,
      "steppedLine": false,
      "targets": [
        {
          "datasource": {
            "type": "prometheus",
            "uid": "PBFA97CFB590B2093"
          },
          "exemplar": true,
          "expr": "sum(rate(container_cpu_usage_seconds_total{instance=~\"$host\",name=~\"$container\", name=~\".+\"}[5m])) by (name) *100",
          "hide": false,
          "interval": "",
          "legendFormat": "{{name}}",
          "refId": "A"
        }
      ],
      "thresholds": [],
      "timeRegions": [],
      "title": "Uso da CPU / Stacks",
      "tooltip": {
        "shared": true,
        "sort": 0,
        "value_type": "individual"
      },
      "transparent": true,
      "type": "graph",
      "xaxis": {
        "mode": "time",
        "show": true,
        "values": []
      },
      "yaxes": [
        {
          "$$hashKey": "object:606",
          "format": "percent",
          "logBase": 1,
          "show": true
        },
        {
          "$$hashKey": "object:607",
          "format": "short",
          "logBase": 1,
          "show": true
        }
      ],
      "yaxis": {
        "align": false
      }
    },
    {
      "datasource": {
        "type": "prometheus",
        "uid": "PBFA97CFB590B2093"
      },
      "description": "Total number of CPU cores",
      "fieldConfig": {
        "defaults": {
          "color": {
            "mode": "thresholds"
          },
          "mappings": [
            {
              "options": {
                "match": "null",
                "result": {
                  "text": "N/A"
                }
              },
              "type": "special"
            }
          ],
          "thresholds": {
            "mode": "absolute",
            "steps": [
              {
                "color": "green",
                "value": null
              },
              {
                "color": "red",
                "value": 80
              }
            ]
          },
          "unit": "short"
        },
        "overrides": []
      },
      "gridPos": {
        "h": 4,
        "w": 3,
        "x": 18,
        "y": 6
      },
      "id": 14,
      "maxDataPoints": 100,
      "options": {
        "colorMode": "none",
        "graphMode": "none",
        "justifyMode": "center",
        "orientation": "auto",
        "reduceOptions": {
          "calcs": [
            "lastNotNull"
          ],
          "fields": "",
          "values": false
        },
        "showPercentChange": false,
        "textMode": "value",
        "wideLayout": true
      },
      "pluginVersion": "10.4.0",
      "targets": [
        {
          "datasource": {
            "type": "prometheus",
            "uid": "PBFA97CFB590B2093"
          },
          "editorMode": "code",
          "expr": "count(count(node_cpu_seconds_total{instance=\"$node\",job=\"$job\"}) by (cpu))",
          "legendFormat": "__auto",
          "range": true,
          "refId": "A"
        }
      ],
      "title": "CPU Cores",
      "transparent": true,
      "type": "stat"
    },
    {
      "datasource": {
        "type": "prometheus",
        "uid": "PBFA97CFB590B2093"
      },
      "description": "Total RAM",
      "fieldConfig": {
        "defaults": {
          "color": {
            "mode": "thresholds"
          },
          "decimals": 0,
          "mappings": [
            {
              "options": {
                "match": "null",
                "result": {
                  "text": "N/A"
                }
              },
              "type": "special"
            }
          ],
          "thresholds": {
            "mode": "absolute",
            "steps": [
              {
                "color": "green",
                "value": null
              },
              {
                "color": "red",
                "value": 80
              }
            ]
          },
          "unit": "bytes"
        },
        "overrides": []
      },
      "gridPos": {
        "h": 4,
        "w": 3,
        "x": 21,
        "y": 6
      },
      "id": 75,
      "maxDataPoints": 100,
      "options": {
        "colorMode": "none",
        "graphMode": "area",
        "justifyMode": "auto",
        "orientation": "auto",
        "reduceOptions": {
          "calcs": [
            "lastNotNull"
          ],
          "fields": "",
          "values": false
        },
        "showPercentChange": false,
        "textMode": "auto",
        "wideLayout": true
      },
      "pluginVersion": "10.4.0",
      "targets": [
        {
          "datasource": {
            "type": "prometheus",
            "uid": "PBFA97CFB590B2093"
          },
          "editorMode": "code",
          "exemplar": false,
          "expr": "node_memory_MemTotal_bytes{instance=\"$node\",job=\"$job\"}",
          "instant": true,
          "intervalFactor": 1,
          "range": false,
          "refId": "A",
          "step": 240
        }
      ],
      "title": "Memória",
      "transparent": true,
      "type": "stat"
    },
    {
      "datasource": {
        "type": "prometheus",
        "uid": "PBFA97CFB590B2093"
      },
      "description": "System uptime",
      "fieldConfig": {
        "defaults": {
          "color": {
            "mode": "thresholds"
          },
          "decimals": 1,
          "mappings": [
            {
              "options": {
                "match": "null",
                "result": {
                  "text": "N/A"
                }
              },
              "type": "special"
            }
          ],
          "thresholds": {
            "mode": "absolute",
            "steps": [
              {
                "color": "green",
                "value": null
              },
              {
                "color": "red",
                "value": 80
              }
            ]
          },
          "unit": "s"
        },
        "overrides": []
      },
      "gridPos": {
        "h": 4,
        "w": 3,
        "x": 18,
        "y": 10
      },
      "hideTimeOverride": true,
      "id": 15,
      "maxDataPoints": 100,
      "options": {
        "colorMode": "none",
        "graphMode": "none",
        "justifyMode": "auto",
        "orientation": "horizontal",
        "reduceOptions": {
          "calcs": [
            "lastNotNull"
          ],
          "fields": "",
          "values": false
        },
        "showPercentChange": false,
        "textMode": "auto",
        "wideLayout": true
      },
      "pluginVersion": "10.4.0",
      "targets": [
        {
          "datasource": {
            "type": "prometheus",
            "uid": "PBFA97CFB590B2093"
          },
          "editorMode": "code",
          "exemplar": false,
          "expr": "node_time_seconds{instance=\"$node\",job=\"$job\"} - node_boot_time_seconds{instance=\"$node\",job=\"$job\"}",
          "instant": true,
          "intervalFactor": 1,
          "range": false,
          "refId": "A",
          "step": 240
        }
      ],
      "title": "Atividade",
      "transparent": true,
      "type": "stat"
    },
    {
      "datasource": {
        "type": "prometheus",
        "uid": "PBFA97CFB590B2093"
      },
      "description": "Total SWAP",
      "fieldConfig": {
        "defaults": {
          "color": {
            "mode": "thresholds"
          },
          "decimals": 0,
          "mappings": [
            {
              "options": {
                "match": "null",
                "result": {
                  "text": "N/A"
                }
              },
              "type": "special"
            }
          ],
          "thresholds": {
            "mode": "absolute",
            "steps": [
              {
                "color": "green",
                "value": null
              },
              {
                "color": "red",
                "value": 80
              }
            ]
          },
          "unit": "bytes"
        },
        "overrides": []
      },
      "gridPos": {
        "h": 4,
        "w": 3,
        "x": 21,
        "y": 10
      },
      "id": 18,
      "maxDataPoints": 100,
      "options": {
        "colorMode": "none",
        "graphMode": "none",
        "justifyMode": "auto",
        "orientation": "horizontal",
        "reduceOptions": {
          "calcs": [
            "lastNotNull"
          ],
          "fields": "",
          "values": false
        },
        "showPercentChange": false,
        "textMode": "auto",
        "wideLayout": true
      },
      "pluginVersion": "10.4.0",
      "targets": [
        {
          "datasource": {
            "type": "prometheus",
            "uid": "PBFA97CFB590B2093"
          },
          "editorMode": "code",
          "exemplar": false,
          "expr": "node_memory_SwapTotal_bytes{instance=\"$node\",job=\"$job\"}",
          "instant": true,
          "intervalFactor": 1,
          "range": false,
          "refId": "A",
          "step": 240
        }
      ],
      "title": "SWAP Total",
      "transparent": true,
      "type": "stat"
    },
    {
      "datasource": {
        "type": "prometheus",
        "uid": "PBFA97CFB590B2093"
      },
      "description": "Disk space used of all filesystems mounted",
      "fieldConfig": {
        "defaults": {
          "color": {
            "mode": "palette-classic"
          },
          "custom": {
            "axisBorderShow": false,
            "axisCenteredZero": false,
            "axisColorMode": "text",
            "axisLabel": "",
            "axisPlacement": "auto",
            "barAlignment": 0,
            "drawStyle": "line",
            "fillOpacity": 40,
            "gradientMode": "none",
            "hideFrom": {
              "legend": false,
              "tooltip": false,
              "viz": false
            },
            "insertNulls": false,
            "lineInterpolation": "linear",
            "lineWidth": 1,
            "pointSize": 5,
            "scaleDistribution": {
              "type": "linear"
            },
            "showPoints": "never",
            "spanNulls": false,
            "stacking": {
              "group": "A",
              "mode": "none"
            },
            "thresholdsStyle": {
              "mode": "off"
            }
          },
          "links": [],
          "mappings": [],
          "max": 100,
          "min": 0,
          "thresholds": {
            "mode": "absolute",
            "steps": [
              {
                "color": "green",
                "value": null
              },
              {
                "color": "red",
                "value": 80
              }
            ]
          },
          "unit": "percent"
        },
        "overrides": []
      },
      "gridPos": {
        "h": 7,
        "w": 5,
        "x": 0,
        "y": 14
      },
      "id": 152,
      "options": {
        "legend": {
          "calcs": [],
          "displayMode": "list",
          "placement": "bottom",
          "showLegend": true
        },
        "tooltip": {
          "mode": "multi",
          "sort": "none"
        }
      },
      "pluginVersion": "9.2.0",
      "targets": [
        {
          "datasource": {
            "type": "prometheus",
            "uid": "PBFA97CFB590B2093"
          },
          "expr": "100 - ((node_filesystem_avail_bytes{instance=\"$node\",job=\"$job\",device!~'rootfs'} * 100) / node_filesystem_size_bytes{instance=\"$node\",job=\"$job\",device!~'rootfs'})",
          "format": "time_series",
          "intervalFactor": 1,
          "legendFormat": "{{mountpoint}}",
          "refId": "A",
          "step": 240
        }
      ],
      "title": "Uso do espaço do HD",
      "transparent": true,
      "type": "timeseries"
    },
    {
      "aliasColors": {},
      "bars": false,
      "dashLength": 10,
      "dashes": false,
      "datasource": {
        "type": "prometheus",
        "uid": "PBFA97CFB590B2093"
      },
      "fill": 0,
      "fillGradient": 0,
      "gridPos": {
        "h": 7,
        "w": 9,
        "x": 5,
        "y": 14
      },
      "hiddenSeries": false,
      "id": 266,
      "legend": {
        "alignAsTable": false,
        "avg": false,
        "current": false,
        "max": false,
        "min": false,
        "rightSide": false,
        "show": true,
        "total": false,
        "values": false
      },
      "lines": true,
      "linewidth": 1,
      "nullPointMode": "null",
      "options": {
        "alertThreshold": true
      },
      "percentage": false,
      "pluginVersion": "10.4.0",
      "pointradius": 5,
      "points": false,
      "renderer": "flot",
      "seriesOverrides": [],
      "spaceLength": 10,
      "stack": false,
      "steppedLine": false,
      "targets": [
        {
          "datasource": {
            "type": "prometheus",
            "uid": "PBFA97CFB590B2093"
          },
          "exemplar": true,
          "expr": "node_load1{job=\"$job\", instance=\"$instance\"}",
          "format": "time_series",
          "interval": "",
          "intervalFactor": 2,
          "legendFormat": "1m load average",
          "refId": "A"
        },
        {
          "datasource": {
            "type": "prometheus",
            "uid": "PBFA97CFB590B2093"
          },
          "exemplar": true,
          "expr": "node_load5{job=\"$job\", instance=\"$instance\"}",
          "format": "time_series",
          "interval": "",
          "intervalFactor": 2,
          "legendFormat": "5m load average",
          "refId": "B"
        },
        {
          "datasource": {
            "type": "prometheus",
            "uid": "PBFA97CFB590B2093"
          },
          "exemplar": true,
          "expr": "node_load15{job=\"$job\", instance=\"$instance\"}",
          "format": "time_series",
          "interval": "",
          "intervalFactor": 2,
          "legendFormat": "15m load average",
          "refId": "C"
        },
        {
          "datasource": {
            "type": "prometheus",
            "uid": "PBFA97CFB590B2093"
          },
          "exemplar": true,
          "expr": "count(node_cpu_seconds_total{job=\"$job\", instance=\"$instance\", mode=\"idle\"})",
          "format": "time_series",
          "interval": "",
          "intervalFactor": 2,
          "legendFormat": "logical cores",
          "refId": "D"
        }
      ],
      "thresholds": [],
      "timeRegions": [],
      "title": "Carga Média",
      "tooltip": {
        "shared": true,
        "sort": 0,
        "value_type": "individual"
      },
      "transparent": true,
      "type": "graph",
      "xaxis": {
        "mode": "time",
        "show": true,
        "values": []
      },
      "yaxes": [
        {
          "format": "short",
          "logBase": 1,
          "min": 0,
          "show": true
        },
        {
          "format": "short",
          "logBase": 1,
          "min": 0,
          "show": true
        }
      ],
      "yaxis": {
        "align": false
      }
    },
    {
      "aliasColors": {},
      "bars": false,
      "dashLength": 10,
      "dashes": false,
      "datasource": {
        "type": "prometheus",
        "uid": "PBFA97CFB590B2093"
      },
      "fill": 1,
      "fillGradient": 0,
      "gridPos": {
        "h": 7,
        "w": 10,
        "x": 14,
        "y": 14
      },
      "hiddenSeries": false,
      "id": 265,
      "legend": {
        "alignAsTable": false,
        "avg": false,
        "current": false,
        "max": false,
        "min": false,
        "rightSide": false,
        "show": true,
        "total": false,
        "values": false
      },
      "lines": true,
      "linewidth": 1,
      "nullPointMode": "null",
      "options": {
        "alertThreshold": true
      },
      "percentage": false,
      "pluginVersion": "10.4.0",
      "pointradius": 5,
      "points": false,
      "renderer": "flot",
      "seriesOverrides": [],
      "spaceLength": 10,
      "stack": true,
      "steppedLine": false,
      "targets": [
        {
          "datasource": {
            "type": "prometheus",
            "uid": "PBFA97CFB590B2093"
          },
          "exemplar": true,
          "expr": "(\n  (1 - rate(node_cpu_seconds_total{job=\"$job\", mode=\"idle\", instance=\"$instance\"}[$__interval]))\n/ ignoring(cpu) group_left\n  count without (cpu)( node_cpu_seconds_total{job=\"$job\", mode=\"idle\", instance=\"$instance\"})\n)\n",
          "format": "time_series",
          "interval": "1m",
          "intervalFactor": 5,
          "legendFormat": "{{cpu}}",
          "refId": "A"
        }
      ],
      "thresholds": [],
      "timeRegions": [],
      "title": "Uso da CPU",
      "tooltip": {
        "shared": true,
        "sort": 0,
        "value_type": "individual"
      },
      "transparent": true,
      "type": "graph",
      "xaxis": {
        "mode": "time",
        "show": true,
        "values": []
      },
      "yaxes": [
        {
          "format": "percentunit",
          "logBase": 1,
          "max": 1,
          "min": 0,
          "show": true
        },
        {
          "format": "percentunit",
          "logBase": 1,
          "max": 1,
          "min": 0,
          "show": true
        }
      ],
      "yaxis": {
        "align": false
      }
    },
    {
      "datasource": {
        "type": "prometheus",
        "uid": "PBFA97CFB590B2093"
      },
      "description": "Basic network info per interface",
      "fieldConfig": {
        "defaults": {
          "color": {
            "mode": "palette-classic"
          },
          "custom": {
            "axisBorderShow": false,
            "axisCenteredZero": false,
            "axisColorMode": "text",
            "axisLabel": "",
            "axisPlacement": "auto",
            "barAlignment": 0,
            "drawStyle": "line",
            "fillOpacity": 40,
            "gradientMode": "none",
            "hideFrom": {
              "legend": false,
              "tooltip": false,
              "viz": false
            },
            "insertNulls": false,
            "lineInterpolation": "linear",
            "lineWidth": 1,
            "pointSize": 5,
            "scaleDistribution": {
              "type": "linear"
            },
            "showPoints": "never",
            "spanNulls": false,
            "stacking": {
              "group": "A",
              "mode": "none"
            },
            "thresholdsStyle": {
              "mode": "off"
            }
          },
          "links": [],
          "mappings": [],
          "thresholds": {
            "mode": "absolute",
            "steps": [
              {
                "color": "green",
                "value": null
              },
              {
                "color": "red",
                "value": 80
              }
            ]
          },
          "unit": "bps"
        },
        "overrides": [
          {
            "matcher": {
              "id": "byName",
              "options": "Recv_bytes_eth2"
            },
            "properties": [
              {
                "id": "color",
                "value": {
                  "fixedColor": "#7EB26D",
                  "mode": "fixed"
                }
              }
            ]
          },
          {
            "matcher": {
              "id": "byName",
              "options": "Recv_bytes_lo"
            },
            "properties": [
              {
                "id": "color",
                "value": {
                  "fixedColor": "#0A50A1",
                  "mode": "fixed"
                }
              }
            ]
          },
          {
            "matcher": {
              "id": "byName",
              "options": "Recv_drop_eth2"
            },
            "properties": [
              {
                "id": "color",
                "value": {
                  "fixedColor": "#6ED0E0",
                  "mode": "fixed"
                }
              }
            ]
          },
          {
            "matcher": {
              "id": "byName",
              "options": "Recv_drop_lo"
            },
            "properties": [
              {
                "id": "color",
                "value": {
                  "fixedColor": "#E0F9D7",
                  "mode": "fixed"
                }
              }
            ]
          },
          {
            "matcher": {
              "id": "byName",
              "options": "Recv_errs_eth2"
            },
            "properties": [
              {
                "id": "color",
                "value": {
                  "fixedColor": "#BF1B00",
                  "mode": "fixed"
                }
              }
            ]
          },
          {
            "matcher": {
              "id": "byName",
              "options": "Recv_errs_lo"
            },
            "properties": [
              {
                "id": "color",
                "value": {
                  "fixedColor": "#CCA300",
                  "mode": "fixed"
                }
              }
            ]
          },
          {
            "matcher": {
              "id": "byName",
              "options": "Trans_bytes_eth2"
            },
            "properties": [
              {
                "id": "color",
                "value": {
                  "fixedColor": "#7EB26D",
                  "mode": "fixed"
                }
              }
            ]
          },
          {
            "matcher": {
              "id": "byName",
              "options": "Trans_bytes_lo"
            },
            "properties": [
              {
                "id": "color",
                "value": {
                  "fixedColor": "#0A50A1",
                  "mode": "fixed"
                }
              }
            ]
          },
          {
            "matcher": {
              "id": "byName",
              "options": "Trans_drop_eth2"
            },
            "properties": [
              {
                "id": "color",
                "value": {
                  "fixedColor": "#6ED0E0",
                  "mode": "fixed"
                }
              }
            ]
          },
          {
            "matcher": {
              "id": "byName",
              "options": "Trans_drop_lo"
            },
            "properties": [
              {
                "id": "color",
                "value": {
                  "fixedColor": "#E0F9D7",
                  "mode": "fixed"
                }
              }
            ]
          },
          {
            "matcher": {
              "id": "byName",
              "options": "Trans_errs_eth2"
            },
            "properties": [
              {
                "id": "color",
                "value": {
                  "fixedColor": "#BF1B00",
                  "mode": "fixed"
                }
              }
            ]
          },
          {
            "matcher": {
              "id": "byName",
              "options": "Trans_errs_lo"
            },
            "properties": [
              {
                "id": "color",
                "value": {
                  "fixedColor": "#CCA300",
                  "mode": "fixed"
                }
              }
            ]
          },
          {
            "matcher": {
              "id": "byName",
              "options": "recv_bytes_lo"
            },
            "properties": [
              {
                "id": "color",
                "value": {
                  "fixedColor": "#0A50A1",
                  "mode": "fixed"
                }
              }
            ]
          },
          {
            "matcher": {
              "id": "byName",
              "options": "recv_drop_eth0"
            },
            "properties": [
              {
                "id": "color",
                "value": {
                  "fixedColor": "#99440A",
                  "mode": "fixed"
                }
              }
            ]
          },
          {
            "matcher": {
              "id": "byName",
              "options": "recv_drop_lo"
            },
            "properties": [
              {
                "id": "color",
                "value": {
                  "fixedColor": "#967302",
                  "mode": "fixed"
                }
              }
            ]
          },
          {
            "matcher": {
              "id": "byName",
              "options": "recv_errs_eth0"
            },
            "properties": [
              {
                "id": "color",
                "value": {
                  "fixedColor": "#BF1B00",
                  "mode": "fixed"
                }
              }
            ]
          },
          {
            "matcher": {
              "id": "byName",
              "options": "recv_errs_lo"
            },
            "properties": [
              {
                "id": "color",
                "value": {
                  "fixedColor": "#890F02",
                  "mode": "fixed"
                }
              }
            ]
          },
          {
            "matcher": {
              "id": "byName",
              "options": "trans_bytes_eth0"
            },
            "properties": [
              {
                "id": "color",
                "value": {
                  "fixedColor": "#7EB26D",
                  "mode": "fixed"
                }
              }
            ]
          },
          {
            "matcher": {
              "id": "byName",
              "options": "trans_bytes_lo"
            },
            "properties": [
              {
                "id": "color",
                "value": {
                  "fixedColor": "#0A50A1",
                  "mode": "fixed"
                }
              }
            ]
          },
          {
            "matcher": {
              "id": "byName",
              "options": "trans_drop_eth0"
            },
            "properties": [
              {
                "id": "color",
                "value": {
                  "fixedColor": "#99440A",
                  "mode": "fixed"
                }
              }
            ]
          },
          {
            "matcher": {
              "id": "byName",
              "options": "trans_drop_lo"
            },
            "properties": [
              {
                "id": "color",
                "value": {
                  "fixedColor": "#967302",
                  "mode": "fixed"
                }
              }
            ]
          },
          {
            "matcher": {
              "id": "byName",
              "options": "trans_errs_eth0"
            },
            "properties": [
              {
                "id": "color",
                "value": {
                  "fixedColor": "#BF1B00",
                  "mode": "fixed"
                }
              }
            ]
          },
          {
            "matcher": {
              "id": "byName",
              "options": "trans_errs_lo"
            },
            "properties": [
              {
                "id": "color",
                "value": {
                  "fixedColor": "#890F02",
                  "mode": "fixed"
                }
              }
            ]
          },
          {
            "matcher": {
              "id": "byRegexp",
              "options": "/.*trans.*/"
            },
            "properties": [
              {
                "id": "custom.transform",
                "value": "negative-Y"
              }
            ]
          }
        ]
      },
      "gridPos": {
        "h": 8,
        "w": 24,
        "x": 0,
        "y": 21
      },
      "id": 74,
      "options": {
        "legend": {
          "calcs": [],
          "displayMode": "list",
          "placement": "bottom",
          "showLegend": true
        },
        "tooltip": {
          "mode": "multi",
          "sort": "none"
        }
      },
      "pluginVersion": "9.2.0",
      "targets": [
        {
          "datasource": {
            "type": "prometheus",
            "uid": "PBFA97CFB590B2093"
          },
          "expr": "irate(node_network_receive_bytes_total{instance=\"$node\",job=\"$job\"}[$__rate_interval])*8",
          "format": "time_series",
          "intervalFactor": 1,
          "legendFormat": "recv {{device}}",
          "refId": "A",
          "step": 240
        },
        {
          "datasource": {
            "type": "prometheus",
            "uid": "PBFA97CFB590B2093"
          },
          "expr": "irate(node_network_transmit_bytes_total{instance=\"$node\",job=\"$job\"}[$__rate_interval])*8",
          "format": "time_series",
          "intervalFactor": 1,
          "legendFormat": "trans {{device}} ",
          "refId": "B",
          "step": 240
        }
      ],
      "title": "Tráfego de rede",
      "transparent": true,
      "type": "timeseries"
    },
    {
      "aliasColors": {},
      "bars": false,
      "dashLength": 10,
      "dashes": false,
      "datasource": {
        "type": "prometheus",
        "uid": "PBFA97CFB590B2093"
      },
      "fill": 1,
      "fillGradient": 0,
      "gridPos": {
        "h": 7,
        "w": 18,
        "x": 0,
        "y": 29
      },
      "hiddenSeries": false,
      "id": 264,
      "legend": {
        "alignAsTable": false,
        "avg": false,
        "current": false,
        "max": false,
        "min": false,
        "rightSide": false,
        "show": true,
        "total": false,
        "values": false
      },
      "lines": true,
      "linewidth": 1,
      "nullPointMode": "null",
      "options": {
        "alertThreshold": true
      },
      "percentage": false,
      "pluginVersion": "10.4.0",
      "pointradius": 5,
      "points": false,
      "renderer": "flot",
      "seriesOverrides": [],
      "spaceLength": 10,
      "stack": true,
      "steppedLine": false,
      "targets": [
        {
          "datasource": {
            "type": "prometheus",
            "uid": "PBFA97CFB590B2093"
          },
          "exemplar": true,
          "expr": "(\n  node_memory_MemTotal_bytes{job=\"$job\", instance=\"$instance\"}\n-\n  node_memory_MemFree_bytes{job=\"$job\", instance=\"$instance\"}\n-\n  node_memory_Buffers_bytes{job=\"$job\", instance=\"$instance\"}\n-\n  node_memory_Cached_bytes{job=\"$job\", instance=\"$instance\"}\n)\n",
          "format": "time_series",
          "interval": "",
          "intervalFactor": 2,
          "legendFormat": "memory used",
          "refId": "A"
        },
        {
          "datasource": {
            "type": "prometheus",
            "uid": "PBFA97CFB590B2093"
          },
          "expr": "node_memory_Buffers_bytes{job=\"node\", instance=\"$instance\"}",
          "format": "time_series",
          "intervalFactor": 2,
          "legendFormat": "memory buffers",
          "refId": "B"
        },
        {
          "datasource": {
            "type": "prometheus",
            "uid": "PBFA97CFB590B2093"
          },
          "expr": "node_memory_Cached_bytes{job=\"node\", instance=\"$instance\"}",
          "format": "time_series",
          "intervalFactor": 2,
          "legendFormat": "memory cached",
          "refId": "C"
        },
        {
          "datasource": {
            "type": "prometheus",
            "uid": "PBFA97CFB590B2093"
          },
          "expr": "node_memory_MemFree_bytes{job=\"node\", instance=\"$instance\"}",
          "format": "time_series",
          "intervalFactor": 2,
          "legendFormat": "memory free",
          "refId": "D"
        }
      ],
      "thresholds": [],
      "timeRegions": [],
      "title": "Uso de Memória",
      "tooltip": {
        "shared": true,
        "sort": 0,
        "value_type": "individual"
      },
      "transparent": true,
      "type": "graph",
      "xaxis": {
        "mode": "time",
        "show": true,
        "values": []
      },
      "yaxes": [
        {
          "format": "bytes",
          "logBase": 1,
          "min": 0,
          "show": true
        },
        {
          "format": "bytes",
          "logBase": 1,
          "min": 0,
          "show": true
        }
      ],
      "yaxis": {
        "align": false
      }
    },
    {
      "aliasColors": {},
      "bars": false,
      "dashLength": 10,
      "dashes": false,
      "datasource": {
        "type": "prometheus",
        "uid": "PBFA97CFB590B2093"
      },
      "fill": 1,
      "fillGradient": 0,
      "gridPos": {
        "h": 7,
        "w": 6,
        "x": 18,
        "y": 29
      },
      "hiddenSeries": false,
      "id": 267,
      "legend": {
        "alignAsTable": false,
        "avg": false,
        "current": false,
        "max": false,
        "min": false,
        "rightSide": false,
        "show": true,
        "total": false,
        "values": false
      },
      "lines": true,
      "linewidth": 1,
      "nullPointMode": "null",
      "options": {
        "alertThreshold": true
      },
      "percentage": false,
      "pluginVersion": "10.4.0",
      "pointradius": 5,
      "points": false,
      "renderer": "flot",
      "seriesOverrides": [
        {
          "alias": "used",
          "color": "#E0B400"
        },
        {
          "alias": "available",
          "color": "#73BF69"
        }
      ],
      "spaceLength": 10,
      "stack": true,
      "steppedLine": false,
      "targets": [
        {
          "datasource": {
            "type": "prometheus",
            "uid": "PBFA97CFB590B2093"
          },
          "exemplar": true,
          "expr": "sum(\n  max by (device) (\n    node_filesystem_size_bytes{job=\"$job\", instance=\"$instance\", fstype!=\"\"}\n  -\n    node_filesystem_avail_bytes{job=\"$job\", instance=\"$instance\", fstype!=\"\"}\n  )\n)\n",
          "format": "time_series",
          "interval": "",
          "intervalFactor": 2,
          "legendFormat": "used",
          "refId": "A"
        },
        {
          "datasource": {
            "type": "prometheus",
            "uid": "PBFA97CFB590B2093"
          },
          "expr": "sum(\n  max by (device) (\n    node_filesystem_avail_bytes{job=\"node\", instance=\"$instance\", fstype!=\"\"}\n  )\n)\n",
          "format": "time_series",
          "intervalFactor": 2,
          "legendFormat": "available",
          "refId": "B"
        }
      ],
      "thresholds": [],
      "timeRegions": [],
      "title": "Uso do espaço do HD",
      "tooltip": {
        "shared": true,
        "sort": 0,
        "value_type": "individual"
      },
      "transparent": true,
      "type": "graph",
      "xaxis": {
        "mode": "time",
        "show": true,
        "values": []
      },
      "yaxes": [
        {
          "format": "bytes",
          "logBase": 1,
          "min": 0,
          "show": true
        },
        {
          "format": "bytes",
          "logBase": 1,
          "min": 0,
          "show": true
        }
      ],
      "yaxis": {
        "align": false
      }
    },
    {
      "datasource": {
        "type": "prometheus",
        "uid": "PBFA97CFB590B2093"
      },
      "fieldConfig": {
        "defaults": {
          "custom": {
            "align": "auto",
            "cellOptions": {
              "type": "auto"
            },
            "filterable": false,
            "inspect": false
          },
          "mappings": [],
          "thresholds": {
            "mode": "absolute",
            "steps": [
              {
                "color": "green",
                "value": null
              },
              {
                "color": "red",
                "value": 80
              }
            ]
          }
        },
        "overrides": [
          {
            "matcher": {
              "id": "byName",
              "options": "id"
            },
            "properties": [
              {
                "id": "custom.width",
                "value": 260
              }
            ]
          },
          {
            "matcher": {
              "id": "byName",
              "options": "Running"
            },
            "properties": [
              {
                "id": "unit",
                "value": "d"
              },
              {
                "id": "decimals",
                "value": 1
              },
              {
                "id": "custom.cellOptions",
                "value": {
                  "type": "color-text"
                }
              },
              {
                "id": "color",
                "value": {
                  "fixedColor": "dark-green",
                  "mode": "fixed"
                }
              }
            ]
          }
        ]
      },
      "gridPos": {
        "h": 10,
        "w": 24,
        "x": 0,
        "y": 36
      },
      "id": 263,
      "options": {
        "cellHeight": "sm",
        "footer": {
          "countRows": false,
          "fields": "",
          "reducer": [
            "sum"
          ],
          "show": false
        },
        "showHeader": false,
        "sortBy": []
      },
      "pluginVersion": "10.4.0",
      "targets": [
        {
          "datasource": {
            "type": "prometheus",
            "uid": "PBFA97CFB590B2093"
          },
          "editorMode": "code",
          "expr": "(time() - container_start_time_seconds{instance=~\"$host\",name=~\"$container\",name=~\".+\"})/86400",
          "format": "table",
          "instant": true,
          "interval": "",
          "legendFormat": "{{name}}",
          "refId": "A"
        }
      ],
      "title": "Informações dos Containers",
      "transformations": [
        {
          "id": "filterFieldsByName",
          "options": {
            "include": {
              "names": [
                "container_label_com_docker_compose_project",
                "container_label_com_docker_compose_project_working_dir",
                "image",
                "instance",
                "name",
                "Value",
                "container_label_com_docker_compose_service"
              ]
            }
          }
        },
        {
          "id": "organize",
          "options": {
            "excludeByName": {},
            "indexByName": {},
            "renameByName": {
              "Value": "Running",
              "container_label_com_docker_compose_project": "Label",
              "container_label_com_docker_compose_project_working_dir": "Working dir",
              "container_label_com_docker_compose_service": "Service",
              "image": "Registry Image",
              "instance": "Instance",
              "name": "Name"
            }
          }
        }
      ],
      "type": "table"
    }
  ],
  "refresh": "5s",
  "revision": 1,
  "schemaVersion": 39,
  "tags": [
    "OrionDesign",
    "Allan Peixoto"
  ],
  "templating": {
    "list": [
      {
        "current": {
          "selected": false,
          "text": "Prometheus",
          "value": "PBFA97CFB590B2093"
        },
        "hide": 0,
        "includeAll": false,
        "label": "datasource",
        "multi": false,
        "name": "DS_PROMETHEUS",
        "options": [],
        "query": "prometheus",
        "queryValue": "",
        "refresh": 1,
        "regex": "",
        "skipUrlSync": false,
        "type": "datasource"
      },
      {
        "current": {
          "selected": false,
          "text": "prometheus",
          "value": "prometheus"
        },
        "datasource": {
          "type": "prometheus",
          "uid": "${DS_PROMETHEUS}"
        },
        "definition": "label_values(node_exporter_build_info{},job)",
        "hide": 0,
        "includeAll": false,
        "label": "Job",
        "multi": false,
        "name": "job",
        "options": [],
        "query": {
          "query": "label_values(node_exporter_build_info{},job)",
          "refId": "PrometheusVariableQueryEditor-VariableQuery"
        },
        "refresh": 1,
        "regex": "",
        "skipUrlSync": false,
        "sort": 0,
        "tagValuesQuery": "",
        "tagsQuery": "",
        "type": "query",
        "useTags": false
      },
      {
        "current": {
          "selected": false,
          "text": "node.oriondesign.art.br:80",
          "value": "node.oriondesign.art.br:80"
        },
        "datasource": {
          "type": "prometheus",
          "uid": "${DS_PROMETHEUS}"
        },
        "definition": "label_values(node_uname_info{job=\"$job\"}, instance)",
        "hide": 0,
        "includeAll": false,
        "label": "Host",
        "multi": false,
        "name": "node",
        "options": [],
        "query": {
          "query": "label_values(node_uname_info{job=\"$job\"}, instance)",
          "refId": "Prometheus-node-Variable-Query"
        },
        "refresh": 1,
        "regex": "",
        "skipUrlSync": false,
        "sort": 1,
        "tagValuesQuery": "",
        "tagsQuery": "",
        "type": "query",
        "useTags": false
      },
      {
        "current": {
          "selected": false,
          "text": "[a-z]+|nvme[0-9]+n[0-9]+|mmcblk[0-9]+",
          "value": "[a-z]+|nvme[0-9]+n[0-9]+|mmcblk[0-9]+"
        },
        "hide": 2,
        "includeAll": false,
        "multi": false,
        "name": "diskdevices",
        "options": [
          {
            "selected": true,
            "text": "[a-z]+|nvme[0-9]+n[0-9]+|mmcblk[0-9]+",
            "value": "[a-z]+|nvme[0-9]+n[0-9]+|mmcblk[0-9]+"
          }
        ],
        "query": "[a-z]+|nvme[0-9]+n[0-9]+|mmcblk[0-9]+",
        "skipUrlSync": false,
        "type": "custom"
      },
      {
        "current": {
          "selected": false,
          "text": "Prometheus",
          "value": "PBFA97CFB590B2093"
        },
        "hide": 0,
        "includeAll": false,
        "multi": false,
        "name": "datasource",
        "options": [],
        "query": "prometheus",
        "queryValue": "",
        "refresh": 1,
        "regex": "",
        "skipUrlSync": false,
        "type": "datasource"
      },
      {
        "allValue": ".*",
        "current": {
          "selected": false,
          "text": "All",
          "value": "$__all"
        },
        "datasource": {
          "type": "prometheus",
          "uid": "${DS_PROMETHEUS}"
        },
        "definition": "label_values(cadvisor_version_info,instance)",
        "hide": 0,
        "includeAll": true,
        "label": "Host",
        "multi": false,
        "name": "host",
        "options": [],
        "query": {
          "query": "label_values(cadvisor_version_info,instance)",
          "refId": "PrometheusVariableQueryEditor-VariableQuery"
        },
        "refresh": 1,
        "regex": "",
        "skipUrlSync": false,
        "sort": 5,
        "type": "query"
      },
      {
        "allValue": ".*",
        "current": {
          "selected": false,
          "text": "All",
          "value": "$__all"
        },
        "datasource": {
          "type": "prometheus",
          "uid": "${DS_PROMETHEUS}"
        },
        "definition": "label_values(container_cpu_usage_seconds_total,name)",
        "hide": 0,
        "includeAll": true,
        "label": "Container",
        "multi": false,
        "name": "container",
        "options": [],
        "query": {
          "query": "label_values(container_cpu_usage_seconds_total,name)",
          "refId": "PrometheusVariableQueryEditor-VariableQuery"
        },
        "refresh": 1,
        "regex": "",
        "skipUrlSync": false,
        "sort": 0,
        "type": "query"
      },
      {
        "current": {
          "selected": false,
          "text": "node.oriondesign.art.br:80",
          "value": "node.oriondesign.art.br:80"
        },
        "datasource": {
          "type": "prometheus",
          "uid": "${DS_PROMETHEUS}"
        },
        "definition": "label_values(node_exporter_build_info{job=\"$job\"},instance)",
        "hide": 0,
        "includeAll": false,
        "label": "Instance",
        "multi": false,
        "name": "instance",
        "options": [],
        "query": {
          "query": "label_values(node_exporter_build_info{job=\"$job\"},instance)",
          "refId": "PrometheusVariableQueryEditor-VariableQuery"
        },
        "refresh": 2,
        "regex": "",
        "skipUrlSync": false,
        "sort": 0,
        "type": "query"
      }
    ]
  },
  "time": {
    "from": "now-5m",
    "to": "now"
  },
  "timepicker": {
    "refresh_intervals": [
      "5s",
      "15s",
      "30s",
      "60s"
    ],
    "time_options": [
      "5m",
      "15m",
      "1h",
      "6h",
      "12h",
      "24h",
      "2d",
      "7d",
      "30d"
    ]
  },
  "timezone": "browser",
  "title": "Monitoramento do Sistema",
  "uid": "rYdddlPWk",
  "version": 8,
  "weekStart": ""
}