{"version":"6","id":"clsezj16s000emy1ek59bryc5","name":"Meu typebot","events":[{"id":"j58wkifyst58nu1exhp9zey4","outgoingEdgeId":"lpwrq5m1r45o0e78az62uufm","graphCoordinates":{"x":0,"y":0},"type":"start"}],"groups":[{"id":"vkpii2oz95znhy9j99lojip9","title":"Nome do BOT","graphCoordinates":{"x":288,"y":1},"blocks":[{"id":"cq5u48unjxeujz9lkc9o88lz","outgoingEdgeId":"yadi6n0xzg0apssii7c68koq","type":"Set variable","options":{"variableId":"vdbbe1u4qf5501btpr9rsvlrs","expressionToEvaluate":"🤖 Bot Orion"}}]},{"id":"t2cc5vl297l867m2uz3hh7jb","title":"Saudação","graphCoordinates":{"x":288,"y":185},"blocks":[{"id":"x4l8igyhbslzfqdgh6tsn50y","outgoingEdgeId":"o6nmk667c5j6068ldwwdqnzo","type":"text","content":{"richText":[{"type":"p","children":[{"bold":true,"text":"{{nome_bot}}"}]},{"type":"p","children":[{"text":""}]},{"type":"p","children":[{"text":"Bem vindo ao Bot de criação de contas no Chatwoot."}]}]}}]},{"id":"pt363ghwtlbf7iths6sbys57","title":"Coletando Nome do cliente","graphCoordinates":{"x":703,"y":2},"blocks":[{"id":"ng82qatex19ql0830km15ikr","type":"text","content":{"richText":[{"type":"p","children":[{"bold":true,"text":"{{nome_bot}}"}]},{"type":"p","children":[{"text":""}]},{"type":"p","children":[{"text":"Para iniciarmos, digite seu nome:"}]}]}},{"id":"kre4o9iysk3ftcy73te5o8m5","outgoingEdgeId":"npd9liltwt8zjezf49h3g7uy","type":"text input","options":{"variableId":"vshacdpkpgi4m96ffxxtlmhdy"}}]},{"id":"zlqpbh5jms9dd6nlcqjvqcx3","title":"Coletando Nome da empresa","graphCoordinates":{"x":705,"y":309},"blocks":[{"id":"iu296luzfaygbey9ofw0h150","type":"text","content":{"richText":[{"type":"p","children":[{"bold":true,"text":"{{nome_bot}}"}]},{"type":"p","children":[{"text":""}]},{"type":"p","children":[{"text":"Qual o nome da sua empresa:"}]}]}},{"id":"ey6tc8g5x993asvyo14ksonr","outgoingEdgeId":"hymmzhc8nvbwk4111d16ehjs","type":"text input","options":{"variableId":"vhs9mcqp4j2118d2iep6t7uv3"}}]},{"id":"o5uakz737uos8ctitsp2dnc0","title":"Coletando Email do cliente","graphCoordinates":{"x":705,"y":618},"blocks":[{"id":"ys9dkj7j8bf5rm6da5lye2k1","type":"text","content":{"richText":[{"type":"p","children":[{"bold":true,"text":"{{nome_bot}}"}]},{"type":"p","children":[{"text":""}]},{"type":"p","children":[{"text":"Agora, um email para fazer login em nossa plataforma:"}]}]}},{"id":"gz4fuctzran22ds9idnn948d","outgoingEdgeId":"jr9teqq5d4mp8kyqsgvsrtfj","type":"text input","options":{"variableId":"vuc0j4vijmnysh6xpqxttidgu"}}]},{"id":"hbinvobsbp6etw42or363cf2","title":"Coletando Whatsapp do cliente","graphCoordinates":{"x":706.25,"y":929.25},"blocks":[{"id":"jneuz4bkeifrpqdpa5rb23cp","type":"text","content":{"richText":[{"type":"p","children":[{"bold":true,"text":"{{nome_bot}}"}]},{"type":"p","children":[{"text":""}]},{"type":"p","children":[{"text":"Por fim, digite o seu whatsapp"}]}]}},{"id":"pvfgwvccd61xj3a2gtwo1vxq","outgoingEdgeId":"d2pc9juhbownlbc4wxe3n8qs","type":"phone number input","options":{"variableId":"vk06kj6awtsv6oy3u5mpa573i","labels":{"button":"enviar"},"defaultCountryCode":"BR"}}]},{"id":"mrvd31lkknuxf8qye7iu4dab","title":"Mensagem de Criando","graphCoordinates":{"x":1131.31,"y":3.29},"blocks":[{"id":"kmgjnfojnkumt3q68gd9q7qo","outgoingEdgeId":"tqid613ebij553ulrimdy8h0","type":"text","content":{"richText":[{"type":"p","children":[{"bold":true,"text":"{{nome_bot}}"}]},{"type":"p","children":[{"text":""}]},{"type":"p","children":[{"text":"Show!! Aguarde um instante enquanto criamos sua conta. "}]},{"type":"p","children":[{"text":""}]},{"type":"p","children":[{"text":"Enviaremos em seu whatsapp as informações de acesso."}]}]}}]},{"id":"r4uln31kf1rn9v7av0vv9rh2","title":"Enviando informações para o N8N","graphCoordinates":{"x":1131.88,"y":372.74},"blocks":[{"id":"fp2impr4azpljungl1i47x3u","type":"Webhook","options":{"isAdvancedConfig":true,"isCustomBody":true,"webhook":{"headers":[{"id":"radpx1hdzv05wm9yu8dleciq","key":"orion","value":"design"}],"url":"https://n8n.dominio.com.br/webhook-test/cadastrar","body":"{\n  \"Whatsapp do cliente\": \"{{remoteJid}}\",\n  \"Nome do Cliente\": \"{{nome_do_cliente}}\",\n  \"Nome da empresa\": \"{{nome_da_empresa}}\",\n  \"Email do Cliente\": \"{{email_do_cliente}}\"\n}"}}}]}],"edges":[{"id":"lpwrq5m1r45o0e78az62uufm","from":{"eventId":"j58wkifyst58nu1exhp9zey4"},"to":{"groupId":"vkpii2oz95znhy9j99lojip9"}},{"id":"yadi6n0xzg0apssii7c68koq","from":{"blockId":"cq5u48unjxeujz9lkc9o88lz"},"to":{"groupId":"t2cc5vl297l867m2uz3hh7jb"}},{"id":"o6nmk667c5j6068ldwwdqnzo","from":{"blockId":"x4l8igyhbslzfqdgh6tsn50y"},"to":{"groupId":"pt363ghwtlbf7iths6sbys57"}},{"id":"npd9liltwt8zjezf49h3g7uy","from":{"blockId":"kre4o9iysk3ftcy73te5o8m5"},"to":{"groupId":"zlqpbh5jms9dd6nlcqjvqcx3"}},{"id":"hymmzhc8nvbwk4111d16ehjs","from":{"blockId":"ey6tc8g5x993asvyo14ksonr"},"to":{"groupId":"o5uakz737uos8ctitsp2dnc0"}},{"id":"tqid613ebij553ulrimdy8h0","from":{"blockId":"kmgjnfojnkumt3q68gd9q7qo"},"to":{"groupId":"r4uln31kf1rn9v7av0vv9rh2"}},{"id":"jr9teqq5d4mp8kyqsgvsrtfj","from":{"blockId":"gz4fuctzran22ds9idnn948d"},"to":{"groupId":"hbinvobsbp6etw42or363cf2"}},{"id":"d2pc9juhbownlbc4wxe3n8qs","from":{"blockId":"pvfgwvccd61xj3a2gtwo1vxq"},"to":{"groupId":"mrvd31lkknuxf8qye7iu4dab"}}],"variables":[{"id":"vdbbe1u4qf5501btpr9rsvlrs","name":"nome_bot"},{"id":"vfq5npr86raj3m1j3dx6x85sk","name":"remoteJid"},{"id":"vcuf0ungc6omci1299nqvch1f","name":"pushName"},{"id":"vshacdpkpgi4m96ffxxtlmhdy","name":"nome_do_cliente"},{"id":"vhs9mcqp4j2118d2iep6t7uv3","name":"nome_da_empresa"},{"id":"vuc0j4vijmnysh6xpqxttidgu","name":"email_do_cliente"},{"id":"vk06kj6awtsv6oy3u5mpa573i","name":"whatsapp_do_cliente"}],"theme":{},"selectedThemeTemplateId":null,"settings":{},"createdAt":"2024-02-09T18:32:32.452Z","updatedAt":"2024-02-09T19:50:59.977Z","icon":null,"folderId":null,"publicId":null,"customDomain":null,"workspaceId":"clqd12cdt0001ny1c0bll6mhe","resultsTablePreferences":null,"isArchived":false,"isClosed":false,"whatsAppCredentialsId":null,"riskLevel":null}